paper_id,covidence_id,title,authors,source_filename,source_text_json_path,n_pages,abstract_block_count,title_like_line_count,author_like_line_count,program_marker_count,trim_reason,matched_block_code,matched_block_title,title_score,author_score,match_score,start_page_index,end_page_index,manual_status,manual_notes
1001,1001,Inpatient physiotherapy management for Stiff Person syndrome,Kahraman T.; Balci B.; Sengun I.S.,1001_Kahraman T. et al. - 2014 - Inpatient physiotherapy management for Stiff Perso.pdf,data\extraction_json\text\1001.json,524,0,2893,515,1,"Proceedings detected, but the best abstract block match is below the auto-trim confidence threshold.",68,"EMG showed ﬁndings consistent with distal sensory motor axonal polyneuropathy accompanied by autonomic involvement. His sural nerve biopsy disclosed severe axon loss with amyloid deposition. He did not have any cardiac, renal or eye involvement due to amyloi- dosis. He refused to undergo a new liver transplantation and was put",0.0208,0.0000,0.0156,356,523,,
1031,1031,Autonomic dysfunction in stiff person syndrome (SPS): Observations in 8 cases,Barboi A.,1031_Barboi A. - 2014 - Autonomic dysfunction in stiff person syndrome (SP.pdf,data\extraction_json\text\1031.json,45,0,2645,448,0,No abstract block could be segmented from the proceedings text.,,,,,,,,,
10801,10801,"Stiff Person Syndrom, a rare neurological disease in long-term care resident.","Bhatt, T; Medina-Walpole, A; Marshall, FJ",10801_J American Geriatrics Society - 2006 - - Paper Abstracts.pdf,data\extraction_json\text\10801.json,203,1,3460,511,0,"Proceedings detected, but the best abstract block match is below the auto-trim confidence threshold.",10,Family support significantly decreases length of stay 127 students completed questionnaires at the end of the clerk- ship: 25% reported they were more interested in the problems of older patients; 80.5% reported the “BIG 10” assignments made them think more about the problems of older patient; and 86.5% reported,0.0528,0.0000,0.0396,170,202,,
1112,1112,Practical management of stiff person syndrome in a limited resource setting-report of experiences in a two year follow-up,Siddi Ganie N.; Nichol R.; Janse Van Rensberg E.; Smit L.; Kruger A.; Nel M.; Lecuona E.,1112_Siddi Ganie-2015-Practical management of stiff.pdf,data\extraction_json\text\1112.json,345,1,2176,283,0,"Proceedings detected, but the best abstract block match is below the auto-trim confidence threshold.",53,"Bilateral horizontal nystagmus, pyramidal syndrome, postural instability, asymmetric parkinsonian syndrome, severe dysarthria, gaze palsy and bulbar syndrome were present after 6 years. There were no signs of cognitive de- terioration. The patient died due to the cardiac arrest; at",0.0358,0.0000,0.0268,35,344,,
1119,1119,Antibody spectrum in stiff person syndrome and related disorders,Balint B.; Blocker I.M.; Unger M.; Stocker W.; Probst C.; Komorowski L.; Meinck H.M.,1119_Balint B. et al. - 2015 - Antibody spectrum in stiff person syndrome and rel.pdf,data\extraction_json\text\1119.json,567,0,3250,326,0,"Proceedings detected, but the best abstract block match is below the auto-trim confidence threshold.",10,In,0.3719,0.0000,0.2789,441,441,,
1120,1120,Anti-GAD65 negative stiff-person syndrome with a favorable response to pregabalin: A case post-thymoma excision accompanying central sleep apnea,Zhang G.; Liu L.; Xiong N.; Huang J.; Wang T.,1120_Zhang G. et al. - 2015 - Anti-GAD65 negative stiff-person syndrome with a f.pdf,data\extraction_json\text\1120.json,567,0,3250,326,0,"Proceedings detected, but the best abstract block match is below the auto-trim confidence threshold.",10,In,0.3504,0.0000,0.2628,441,441,,
12251,12251,Stiff limb syndrome: a case report,"Farhat, E; Zouari, M; Beyrouti, R; Ben Sassi, S; Hentati, F",12251_s00415-014-7337-4.pdf,data\extraction_json\text\12251.json,524,0,2893,515,1,"Proceedings detected, but the best abstract block match is below the auto-trim confidence threshold.",68,"EMG showed ﬁndings consistent with distal sensory motor axonal polyneuropathy accompanied by autonomic involvement. His sural nerve biopsy disclosed severe axon loss with amyloid deposition. He did not have any cardiac, renal or eye involvement due to amyloi- dosis. He refused to undergo a new liver transplantation and was put",0.0112,0.0000,0.0084,356,523,,
1227,1227,Role of plasma exchange in stiff person syndrome,Albahra S.; Yates S.; Matevosyan K.; Sarode R.,1227_Albahra S. et al. - 2016 - Role of plasma exchange in stiff person syndrome.pdf,data\extraction_json\text\1227.json,70,1,3032,386,1,"Proceedings detected, but the best abstract block match is below the auto-trim confidence threshold.",11,"The patient’s discharge platelet counts were approximately 790 K/ mL. Conclusion: Therapeutic platelet depletion using the platelet collection protocol on the Amicus Separator is feasible and safe. The procedure minimized fluid loss from the patient, but also",0.0199,0.0000,0.0150,1,69,,
12270,12270,Rapid Onset Stiff Person Syndrome,"Neeley, B; Pawar, G; Tripathi, R",12270_Movement Disorders - 2021 - - Abstracts of the MDS Virtual Congress 2021.pdf,data\extraction_json\text\12270.json,599,1,3029,566,0,"Proceedings detected, but the best abstract block match is below the auto-trim confidence threshold.",22,Berman BD. Neuroleptic Malignant Syndrome: A Review for Neuro-,0.4130,0.0000,0.3098,140,179,,
12288,12288,MRI abnormalities in stiff person syndrome,"Seefried, S; Homola, G; Pham, M; Sommer, C",12288_Euro J of Neurology - 2023 - - ePosters (1).pdf,data\extraction_json\text\12288.json,414,0,2291,413,0,"Proceedings detected, but the best abstract block match is below the auto-trim confidence threshold.",11,"Neuromuscular Diseases Unit, Neurology Department,",0.3111,0.0000,0.2333,138,413,,
1229,1229,Progressive encephalomyelitis with rigidity and myoclonus (PERM) associated with glycine receptor antibodies as first manifestation of hodgkin's lymphoma: A case report,Borellini L.; Lanfranconi S.; Trezzi I.; Franco G.; Di Fonzo A.; Bonato S.; Bresolin N.,1229_Borellini L. et al. - 2016 - Progressive encephalomyelitis with rigidity and my.pdf,data\extraction_json\text\1229.json,234,0,2269,268,1,No abstract block could be segmented from the proceedings text.,,,,,,,,,
1230,1230,Stiff Person Syndrome: A female case report with focal onset and multiple limb involvement,Vaz S.; Barros A.; Calado A.; Sequeira J.; Melancia D.; Fernandes A.,1230_Vaz S. et al. - 2016 - Stiff Person Syndrome A female case report with f.pdf,data\extraction_json\text\1230.json,279,0,2252,322,1,No abstract block could be segmented from the proceedings text.,,,,,,,,,
12301,12301,Stiff Person Syndrome Presenting with Dystonia,"Gao, F",12301_Movement Disorders - 2021 - - Abstracts of the MDS Virtual Congress 2021.pdf,data\extraction_json\text\12301.json,599,1,3029,566,0,"Proceedings detected, but the best abstract block match is below the auto-trim confidence threshold.",831,"https://doi.org/10.1007/s12311-015-0749-6 Lang, A. E. (2019). Treat- ment of Palatal Tremor. In S. G. Reich & S. A. Factor (Eds.), Therapy of",0.2395,1.0000,0.4296,115,140,,
1231,1231,Therapeutic challenges of stiff person syndrome: A case report,Varga E.T.; Gyorgyi Md T.; Vecsei L.,1231_Varga E.T. et al. - 2016 - Therapeutic challenges of stiff person syndrome A.pdf,data\extraction_json\text\1231.json,279,0,2252,322,1,No abstract block could be segmented from the proceedings text.,,,,,,,,,
1233,1233,Stiff person syndrome,Dosekova P.; Krastev G.; Haring J.; Lackovic R.,1233_mds.26688.pdf,data\extraction_json\text\1233.json,697,1,3288,313,0,"Proceedings detected, but the best abstract block match is below the auto-trim confidence threshold.",10,"Type of penetration/aspiration: pre-,",0.4727,0.0000,0.3545,517,520,,
1237,1237,Stiff person syndrome: Case series,Sasse E.; Amorelli G.; Spitz M.; Germano C.S.B.; Vasconcellos L.F.,1237_Sasse E. et al. - 2016 - Stiff person syndrome Case series.pdf,data\extraction_json\text\1237.json,697,1,3288,352,0,"Proceedings detected, but the best abstract block match is below the auto-trim confidence threshold.",10,"Type of penetration/aspiration: pre-,",0.3582,0.0000,0.2687,517,520,,
12387,12387,Successful treatment of Stiff Person Syndrome with botulinum toxin,"Goncalves, A; Brunet, F; Ariton, D; De Fabregues, O",12387_Movement Disorders - 2022 - - Abstracts.pdf,data\extraction_json\text\12387.json,666,4,2751,455,0,"Proceedings detected, but the best abstract block match is below the auto-trim confidence threshold.",21,"Criscuolo, C. et al. Two novel CYP7B1 mutations in Italian families",0.3538,0.0000,0.2654,387,387,,
1239,1239,Stiff-person syndrome and hypogammaglobulinaemia: An unusual combination,Suratannon N.; Dalm V.; Van Bilsen K.; Van Paassen P.; Tervaert J.W.C.; Driessen G.J.; Wentink M.W.; Van Der Burg M.; Van Hagen P.M.,1239_Suratannon N. et al. - 2016 - Stiff-person syndrome and hypogammaglobulinaemia .pdf,data\extraction_json\text\1239.json,92,1,4944,475,0,"Proceedings detected, but the best abstract block match is below the auto-trim confidence threshold.",CD27,Samples were lysed and ﬁxed with 19 FACSLysing TM solution (BD Bio-,0.3212,0.0000,0.2409,35,91,,
1242,1242,Stiff-person syndrome in association with cerebellar ataxia: Overlapping syndrome: A case report,Chauhan V.H.; Jowkar A.A.,1242_Chauhan V.H. and Jowkar A.A. - 2016 - Stiff-person syndrome in association with cerebell.pdf,data\extraction_json\text\1242.json,265,503,1971,796,0,"Proceedings detected, but the best abstract block match is below the auto-trim confidence threshold.",S259,T emporal T rends in Drug Abuse in Young Adults with Acute Ischemic Stroke,0.3333,0.5000,0.3750,9,9,,
12428,12428,"Unrecognized thymoma-associated paraneoplastic ""stiff person"" syndrome - a case report","Novoselska, N; Mateva, G; Bochev, P",12428_s00259-022-05924-4.pdf,data\extraction_json\text\12428.json,751,1,2882,413,1,"Proceedings detected, but the best abstract block match is below the auto-trim confidence threshold.",595,"2. Ceccon G, et al. Dynamic O-(2-18F-fluoroethyl)-L-tyrosine positron emission tomography differentiates brain metastasis recurrence from radiation injury after radiotherapy. Neuro Oncol.",0.3130,0.0000,0.2347,451,487,,
12473,12473,Stiff-person syndrome - a 15-year review at a tertiary hospital,"Rodrigues, R; Sousa, L; Samoes, R; Caçao, G; Chaves, J; Cardoso, M; Barros, J; Santos, E; Damásio, J",12473_Movement Disorders - 2021 - - Abstracts of the MDS Virtual Congress 2021.pdf,data\extraction_json\text\12473.json,599,1,3029,566,0,"Proceedings detected, but the best abstract block match is below the auto-trim confidence threshold.",22,Berman BD. Neuroleptic Malignant Syndrome: A Review for Neuro-,0.4500,0.0000,0.3375,140,179,,
12495,12495,ATYPICAL STIFF PERSON SYNDROME WITH ANTI-IGLON5 ANTIBODIES: A CASE REPORT,"Castellano, C; Bellucci, M; Germano, F; Gemelli, C; Marinelli, L; Lechiara, A; Schenone, A; Franciotta, D; Benedetti, L",12495_J Peripheral Nervous Sys - 2023 - - Abstracts.pdf,data\extraction_json\text\12495.json,51,1,2667,667,0,"Proceedings detected, but the best abstract block match is below the auto-trim confidence threshold.",13,Tissue and blood sam ples were obtained after informed consent. Neurophysiological tests were conducted according to international guidelines. Routine histochemical stains and spectrophotometric determination of respiratory chain complexes were performed according to standard protocols. We used a targeted multigene,0.0260,0.0000,0.0195,26,50,,
1251,1251,Double trouble: Opisthotonos associated with guillain-barre Syndrome and GAD autoantibody,Alwis A.; Ram D.; Vassallo G.,1251_Alwis A. et al. - 2016 - Double trouble Opisthotonos associated with guill.pdf,data\extraction_json\text\1251.json,58,0,3216,392,1,"Proceedings detected, but the best abstract block match is below the auto-trim confidence threshold.",35,"Treatment strategy was adjusted in 60 patients, of whom 40 reported a positive effect. Conclusions: A dedicated tertiary multidisciplinary approach",0.2759,0.0000,0.2069,55,57,,
12682,12682,PURELY TORSIONAL NYSTAGMUS IN A PATIENT WITH THE STIFF-MAN SYNDROME - A CASE-REPORT,"STEARNS, MQ; SINOFF, SE; ROSENBERG, ML",12682_WNL.43.4_Suppl_2.A11.pdf,data\extraction_json\text\12682.json,477,69,1529,82,2,"Proceedings detected, but the best abstract block match is below the auto-trim confidence threshold.",78,Aging: Molecular and Biochemical Changes and Pathophysiology I Cytopathies and Pathophysiology I1 Magnetoencephalography,0.3500,0.0000,0.2625,13,202,,
12726,12726,STIFF-MAN-SYNDROME-80 - A VARIANT ASSOCIATED WITH ABNORMAL VISUAL PROCESSING AND A NEW ANTINEURONAL ANTIBODY,"DARNELL, RB; RUBIN, M; VICTOR, J; PLUM, F",12726_Annals of Neurology - August 1990 - - 115Th annual meeting of the American Neurological Association Abstracts.pdf,data\extraction_json\text\12726.json,67,126,3839,474,2,"Proceedings detected, but the best abstract block match is below the auto-trim confidence threshold.",P246,Limb-Girdle Syndrome and Autonomic Failure Associated with Human T Lymphotrophic Virus Type I Infection,0.4880,0.0000,0.3660,61,62,,
12741,12741,Glycine receptor autoantibodies bind to the glycine receptor β subunit representing a novel target of stiff person syndrome,"Eckes, AL; Piro, I; Seefried, S; Tüzün, E; Sommer, C; Villmann, C",12741_Journal of Neurochemistry - 2022 - - Poster Sessions Monday Tuesday.pdf,data\extraction_json\text\12741.json,54,1,2911,446,1,"Proceedings detected, but the best abstract block match is below the auto-trim confidence threshold.",P18,"The number of immune- stained GFAP fibers of Bergmann glial cells at P18 in ACE- exposed pups was significantly decreased com - pared to those in control pups. At P14 and P18, PCs in the ACE- exposed pups had shorter dendrite lengths, except for ACE40. We suggest that the decrease in Bergmann glial fibers would affect the",0.0092,0.0000,0.0069,9,53,,
13233,13233,Progressive encephalomyelitis with rigidity and myoclonus in a Mexican patient,"Garcia-Bermudez, R; Leon-Castillo, D; Bertado-Cortes, B",13233_Movement Disorders - 2021 - - Abstracts of the MDS Virtual Congress 2021.pdf,data\extraction_json\text\13233.json,599,1,3029,566,0,"Proceedings detected, but the best abstract block match is below the auto-trim confidence threshold.",11,"Nasreddine ZS, Phillips NA, Bédirian V, Charbonneau S,",0.3125,0.0000,0.2344,80,80,,
1333,1333,Glycine antibody mediated progressive encephalomyelitis with rigidity and myoclonus (PERM): A paediatric presentation,Kariyawasam D.S.T.; Hildebrand D.; Jayawant S.; Palace J.; Leite M.I.; Ramdas S.,1333_Kariyawasam D.S.T. et al. - 2017 - Glycine antibody mediated progressive encephalomye.pdf,data\extraction_json\text\1333.json,90,0,3286,314,1,"Proceedings detected, but the best abstract block match is below the auto-trim confidence threshold.",867,"Parental testing revealed that it was a de novo mutation. The young male toddler had presented with developmental delay (mainly on gross motor and speech areas), increased TA tightness on the left and advanced right-side cataract. Neu- roimaging studies revealed white matter volume loss, foci of",0.0544,0.0000,0.0408,74,89,,
1393,1393,Stiff limb syndrome: A case report,Farhat E.; Zouari M.; Beyrouti R.; Sassi S.B.; Hentati F.,1393_Euro J of Neurology - 2014 - - Paper Poster Sessions.pdf,data\extraction_json\text\1393.json,323,0,2103,307,1,No abstract block could be segmented from the proceedings text.,,,,,,,,,
1395,1395,An atypical Stiff-Person Syndrome associated with type 3 autoimmune polyglandular syndrome,Viana P.; Abreu L.; Fonseca V.R.; Cortes M.; Neutel D.; Pita Lobo P.; Albuquerque L.,1395_Atypical - s00415-014-7337-4.pdf,data\extraction_json\text\1395.json,524,0,2893,515,1,"Proceedings detected, but the best abstract block match is below the auto-trim confidence threshold.",68,"EMG showed ﬁndings consistent with distal sensory motor axonal polyneuropathy accompanied by autonomic involvement. His sural nerve biopsy disclosed severe axon loss with amyloid deposition. He did not have any cardiac, renal or eye involvement due to amyloi- dosis. He refused to undergo a new liver transplantation and was put",0.0483,0.0000,0.0362,356,523,,
1397,1397,Reducing excess stiffness in stiff-person syndrome using CBT: A case study,Morris L.L.; Dysch L.; Salkovskis P.M.,1397_Movement Disorders - 2014 - - Poster Presentations.pdf,data\extraction_json\text\1397.json,571,2,3448,271,1,"Proceedings detected, but the best abstract block match is below the auto-trim confidence threshold.",17,Luhansk 47.0 49.3 1 2.3 1 4.89%,0.2330,0.0000,0.1748,551,551,,
1398,1398,A neurological syndrome in a patient with anti glutamic acid decarboxylase (GAD) antibodies,Rachana G.; Tarannum K.,1398_mds.25914.pdf,data\extraction_json\text\1398.json,571,2,3448,232,0,"Proceedings detected, but the best abstract block match is below the auto-trim confidence threshold.",25,Dnipropetrovsk 31.8 35.4 1 3.6 1 11.32%,0.2362,0.0000,0.1772,551,551,,
1416,1416,Immunomodulatory therapy in stiff-person syndrome (SPS): A controlled Rituximab-randomised study,Amarandei M.,1416_Amarandei M. - 2017 - Immunomodulatory therapy in stiff-person syndrome .pdf,data\extraction_json\text\1416.json,627,1,3274,401,0,"Proceedings detected, but the best abstract block match is below the auto-trim confidence threshold.",13,"They changed to 39 and 14. After miglustat therapy, the case 1 Fig. (1244). S482 ABSTRACTS",0.2486,0.0000,0.1864,481,487,,
1418,1418,Stiff-limb syndrome with cerebellar features and atypical EMG findings responds to IVIG,Rametta S.; Robinson G.; Hellmers N.; Jacoby N.; Sarva H.,1418_Rametta S. et al. - 2017 - Stiff-limb syndrome with cerebellar features and a.pdf,data\extraction_json\text\1418.json,627,1,3274,401,0,"Proceedings detected, but the best abstract block match is below the auto-trim confidence threshold.",13,"They changed to 39 and 14. After miglustat therapy, the case 1 Fig. (1244). S482 ABSTRACTS",0.3041,0.0000,0.2281,481,487,,
1422,1422,Intrathecal baclofen therapy for GAD(+) stiff-person syndrome: A case series of 4 patients,Ungar L.; Taira T.; Zibly Z.,1422_Ungar L. et al. - 2017 - Intrathecal baclofen therapy for GAD(+) stiff-pers.pdf,data\extraction_json\text\1422.json,460,5,726,242,0,"Proceedings detected, but the best abstract block match is below the auto-trim confidence threshold.",11,"Biostatistics, Medtronic, Minneapolis, USA",0.3040,0.0000,0.2280,118,118,,
1441,1441,Spectrum of stiff person syndrome expands with presence of retinal pathology,Shoemaker T.; Rothman A.; Prince J.; Saidha S.; Calabresi P.A.; Newsome S.D.,1441_1352458517731404.pdf,data\extraction_json\text\1441.json,342,0,2579,1063,0,"Proceedings detected, but the best abstract block match is below the auto-trim confidence threshold.",IL-10,"However, no change was observed in the production of tumour necrosis factor (TNF) or IL-1B. Additionally, there was no effect of teriflunomide on the phagocytic activity of microglia. Pretreatment with teriflunomide also decreased production of the inflammatory",0.0428,0.0000,0.0321,259,341,,
1447,1447,"Hypokinesia, brainstem involvement, rigidity and exaggerated startle in a child with glycine receptors antibodies",Amin S.; Hameed B.; Babiker M.O.E.,"1447_Amin S. et al. - 2017 - Hypokinesia, brainstem involvement, rigidity and e.pdf",data\extraction_json\text\1447.json,98,1,3180,347,1,"Proceedings detected, but the best abstract block match is below the auto-trim confidence threshold.",70,The patient has male sex chromosome complement and the mother does not carry the variant. These results are con- sistent with the patient having a Becker muscular dystrophy with somatic mosaicism for the nonsense DMD gene variant. Conclusions: Somatic mosaicism in DMD was reported in rare,0.0515,0.0000,0.0386,8,97,,
1458,1458,Unrecognized respiratory manifestations of stiff person syndrome,Rakocevic G.; Allen A.; Pack K.; Woodford M.; Sexauer W.,1458_Muscle and Nerve - 2017 - - American Association of Neuromuscular Electrodiagnostic Medicine Annual Meeting Abstracts (1).pdf,data\extraction_json\text\1458.json,119,0,2320,333,1,"Proceedings detected, but the best abstract block match is below the auto-trim confidence threshold.",14,"Twenty-six patients (58%) underwent EDX testing and muscle biopsy. Genetic testing was performed in 17 patients (38%) and was diagnostic only in 3 (7%). Five cases had variants of unknown significance, and results of other 3 are pending. Genetic testing was considered or",0.0435,0.0000,0.0326,72,118,,
1511,1511,Stiff-limb syndrome: Thinking about that!,Delorme A.; Pencu D.E.; De Saint-Hubert G.,1511_Delorme A. et al. - 2018 - Stiff-limb syndrome Thinking about that!.pdf,data\extraction_json\text\1511.json,81,0,1118,332,0,"Proceedings detected, but the best abstract block match is below the auto-trim confidence threshold.",96,"PubMed PMID: 23354200; eng. [2] Luciano RL, Brewster UC. Kidney involvement in leu- kemia and lymphoma. Advances Chronic kidney Dis. 2014 Jan;21(1):27–35. PubMed PMID: 24359984; eng. DOI: 10.1053/j.ackd.2013.07.004.",0.1271,0.0000,0.0953,69,80,,
1602,1602,Progressive encephalomyelitis with rigidity and myoclonus - Case report,Barbov I.; Stojkoska F.; Petovska-Cvetkovska D.; Lazarova S.,1602_Barbov I. et al. - 2019 - Progressive encephalomyelitis with rigidity and my.pdf,data\extraction_json\text\1602.json,235,0,2212,399,0,No abstract block could be segmented from the proceedings text.,,,,,,,,,
1605,1605,A stiff woman,Srinithya F.; Gadde S.,1605_s11606-019-05007-5.pdf,data\extraction_json\text\1605.json,769,0,3571,420,1,"Proceedings detected, but the best abstract block match is below the auto-trim confidence threshold.",54,"On neurologic exam, he was oriented only to self, inattentive, and with deficits in all cognitive domains: executive function, abstraction, recall. He had impaired visual acuity. There were no strength or light touch",0.0362,0.0000,0.0271,459,497,,
1664,1664,A rare person with Stiff Person syndrome,Suciu R.; Stoicanescu D.; Cevei M.; Bodog F.,1664_Suciu R. et al. - 2019 - A rare person with Stiff Person syndrome.pdf,data\extraction_json\text\1664.json,204,0,2711,367,0,"Proceedings detected, but the best abstract block match is below the auto-trim confidence threshold.",33,"University of Acibadem,",0.3226,0.0000,0.2419,136,140,,
1774,1774,An unusual presentation of stiff-person syndrome,Saengphatrachai W.; Wantaneeyawong C.; Pitakpatapee Y.; Srivanitchapoom P.,1774_Saengphatrachai W. et al. - 2019 - An unusual presentation of stiff-person syndrome.pdf,data\extraction_json\text\1774.json,178,0,262,81,0,No abstract block could be segmented from the proceedings text.,,,,,,,,,
1793,1793,Stiff-person syndrome: The analyses of 15 cases and their prognosises,Wei X.; Cai J.; Zhang C.; Lin H.,1793_Basic Clin Pharma Tox - 2019 - - Expression of Concern Abstracts.pdf,data\extraction_json\text\1793.json,154,1,3098,198,0,"Proceedings detected, but the best abstract block match is below the auto-trim confidence threshold.",300,"Sampling yields 297 useful questionnaires, a response valid rate of 97%. We design the questionnaire by consider- ing related works and experts’ views. This study used Partial Least Squares (PLS) to analyze the data because PLS was a component- based Structural Equation Model technique used",0.0343,0.0000,0.0257,24,153,,
1802,1802,Advanced progression of scoliosis after intrathecal baclofen in an adult with stiff person syndrome: A case report,Oh D.C.; LaGrant B.; Sein M.,1802_Oh D.C. et al. - 2019 - Advanced progression of scoliosis after intratheca.pdf,data\extraction_json\text\1802.json,187,0,3649,550,1,"Proceedings detected, but the best abstract block match is below the auto-trim confidence threshold.",17,Respiratory function improvement was noted on day 19 with negative inspiratory force (NIF) of –14. She was admitted to IPR on day 38. During,0.2903,0.0000,0.2177,81,186,,
1807,1807,Anti-GAD65 antibody mediated systemic small vessel vasculitis with CNS involvement presenting as refractory status epilepticus and stiff-limb syndrome,Neupert D.; Leibu N.; Aysenne A.; Dunn C.R.,1807_Neupert D. et al. - 2019 - Anti-GAD65 antibody mediated systemic small vessel.pdf,data\extraction_json\text\1807.json,341,0,746,112,1,"Proceedings detected, but the best abstract block match is below the auto-trim confidence threshold.",27,"Nicardipine was then infused into the EVD once a day for 3 days, resulting in rapid and sustained improvement in vasospasm. Conclusions The mechanism of vasospasm following skull base tumor resection is unknown. Presence of blood in the operative bed, direct surgical injury to the blood vessels, hypothalamic dysfunction and the release of",0.0206,0.0000,0.0155,181,340,,
1838,1838,Progressive encephalomyelitis with rigidity and myoclonus with multiple autoantibodies as a first manifestation of thymoma,Florea A.; Matei A.; Mitu C.E.; Popescu B.O.,1838_Euro J of Neurology - 2020 - - ePoster Sessions.pdf,data\extraction_json\text\1838.json,706,0,2043,280,1,"Proceedings detected, but the best abstract block match is below the auto-trim confidence threshold.",PDQ-39,A total of 1235 patients already on treatment for,0.1287,0.0000,0.0965,583,705,,
1898,1898,"Anti-gad positive syndrome (stiff-man): A 9-years-case report of treatment, evolution and a review",De Camargo Carmello J.F.; Oliveira A.S.B.,1898_De Camargo Carmello J.F. and Oliveira A.S.B. - 2018 - Anti-gad positive syndrome (stiff-man) A 9-years-.pdf,data\extraction_json\text\1898.json,199,1,3075,354,0,"Proceedings detected, but the best abstract block match is below the auto-trim confidence threshold.",22,The project was approved in the Committee of Ethics in Research,0.2548,0.0000,0.1911,121,198,,
1899,1899,Stiff-person syndrome and type 1 diabetes mellitus: Report of a family,Faro F.N.; Bussular T.C.; Feder C.K.R.; Salles J.E.N.; Scalissi N.M.; Pereira M.V.,1899_Faro F.N. et al. - 2018 - Stiff-person syndrome and type 1 diabetes mellitus.pdf,data\extraction_json\text\1899.json,199,1,3075,354,0,"Proceedings detected, but the best abstract block match is below the auto-trim confidence threshold.",22,The project was approved in the Committee of Ethics in Research,0.2879,0.0000,0.2159,121,198,,
1900,1900,Stiff person syndrome exacerbations & therapeutic plasma exchange,Stiefel E.; Leeper J.; Alquist C.,1900_Stiefel E. et al. - 2018 - Stiff person syndrome exacerbations & therapeutic .pdf,data\extraction_json\text\1900.json,74,1,2433,303,1,"Proceedings detected, but the best abstract block match is below the auto-trim confidence threshold.",100,We used linear regression and logistic regression to assess potential variables associated with Lymph CE and subsequent successful CAR T-cell manufacture. Results The median patient age was 56 years (range 22 – 73); 45 patients (64%) were male. The median number of prior,0.0247,0.0000,0.0185,4,73,,
1901,1901,Iatrogenic hypoglobulinemia due to the therapeutic plasma exchange: Managing the patient with allergies to blood products,Linnik Y.A.; Moiseff R.; Thomasson R.; Szczepiorkowski Z.; Dunbar N.,1901_Linnik Y.A. et al. - 2018 - Iatrogenic hypoglobulinemia due to the therapeutic.pdf,data\extraction_json\text\1901.json,74,1,2433,303,1,"Proceedings detected, but the best abstract block match is below the auto-trim confidence threshold.",100,We used linear regression and logistic regression to assess potential variables associated with Lymph CE and subsequent successful CAR T-cell manufacture. Results The median patient age was 56 years (range 22 – 73); 45 patients (64%) were male. The median number of prior,0.0739,0.0000,0.0554,4,73,,
1903,1903,Stiff person's syndrome: Challenging symptom control,Thakolkaran N.T.; Kaur R.,1903_Thakolkaran N.T. and Kaur R. - 2018 - Stiff person's syndrome Challenging symptom contr.pdf,data\extraction_json\text\1903.json,369,0,3720,462,0,"Proceedings detected, but the best abstract block match is below the auto-trim confidence threshold.",75,"A discussion was documented for 7/ 58 (12.1%) patients, which usually involved patient preference. Conclusion: A majority (71/6%) of women had screening mammography performed at the age of 75 and older, yet there was documentation of",0.0220,0.0000,0.0165,198,212,,
1916,1916,A rare cause of progressive encephalopathy - PERM,Hartigan S.; Turner R.; Hastings J.,1916_Hartigan S. et al. - 2018 - A rare cause of progressive encephalopathy - PERM.pdf,data\extraction_json\text\1916.json,97,1,3472,229,0,"Proceedings detected, but the best abstract block match is below the auto-trim confidence threshold.",10,"Aghajanian, C., Blank, S.V ., Goff, B.A., Judson, P .L., Teneriello,",0.2600,0.0000,0.1950,63,63,,
1921,1921,Refractory anti-gad positive stiff-person syndrome controlled after rituximab therapy,Aragao V.; Braga E.; Marinho A.R.; Nobrega P.; Simabukuro M.; Ferreira G.; Maia F.,1921_Aragao V. et al. - 2018 - Refractory anti-gad positive stiff-person syndrome.pdf,data\extraction_json\text\1921.json,104,0,3216,513,0,"Proceedings detected, but the best abstract block match is below the auto-trim confidence threshold.",23,"3. Senova S, Jarraya B, Iwamuro H, et al. Unilateral thalamic stim- ula- tion safely improved fragile X-associated tremor ataxia: a case",0.3286,0.0000,0.2465,50,52,,
1922,1922,Stiff person syndrome presenting with spastic dysarthria,Persaud A.; Shneyder N.; Pulley M.; Giles S.,1922_Persaud A. et al. - 2018 - Stiff person syndrome presenting with spastic dysa.pdf,data\extraction_json\text\1922.json,104,0,3216,513,0,"Proceedings detected, but the best abstract block match is below the auto-trim confidence threshold.",74,2. A. McNeill et al. T2* and FSE MRI distinguishes four subtypes of neuroNBIA. Neurology. 2008 Apr 29; 70(18): 1614-1619. 3. Tello C,0.2486,0.0000,0.1864,52,65,,
1923,1923,Intrathecal baclofen effects in stiff person syndrome: Clinical and instrumented gait analysis,Rocha M.S.; Terzian P.R.; Ferreira R.; Majdoub A.A.; Barbosa J.; Godinho F.,1923_Rocha M.S. et al. - 2018 - Intrathecal baclofen effects in stiff person syndr.pdf,data\extraction_json\text\1923.json,104,0,3216,513,0,"Proceedings detected, but the best abstract block match is below the auto-trim confidence threshold.",23,"3. Senova S, Jarraya B, Iwamuro H, et al. Unilateral thalamic stim- ula- tion safely improved fragile X-associated tremor ataxia: a case",0.3167,0.0000,0.2376,50,52,,
1924,1924,Status dystonicus in a young person as an unusual presentation of stiff person syndrome: A case report,Di Luca D.G.; Bette S.; Luca C.; Singer C.,1924_Di Luca-2018-Status dystonicus in a young pers.pdf,data\extraction_json\text\1924.json,104,0,3216,513,0,"Proceedings detected, but the best abstract block match is below the auto-trim confidence threshold.",23,"3. Senova S, Jarraya B, Iwamuro H, et al. Unilateral thalamic stim- ula- tion safely improved fragile X-associated tremor ataxia: a case",0.3406,0.0000,0.2555,50,52,,
5079,5079,Stiff-person syndrome positive for anti-amphyphisin antibodies: The presenting feature of a neuroendocrine lung cancer,"Andrade, K.; Carvalho, L.; Martins, A.; Barros, J.",5079_Euro J of Neurology - 2005 - - Posters Session 1 Sunday 18 September.pdf,data\extraction_json\text\5079.json,264,1,3121,435,0,"Proceedings detected, but the best abstract block match is below the auto-trim confidence threshold.",15,Delay of the CT-scan was 42 minutes after arrival and mean delay of treatment was 177 minutes. Median NIHSS at 24 hours was 10. An initial good outcome (decrease of 4 to 10 points in NIHSS after 24 hours) was observed in 9 patients. Three patients died: 2 oedematous infarcts and 1,0.0255,0.0000,0.0191,12,124,,
5087,5087,A CASE REPORT OF ATYPICAL STIFF PERSON SYNDROME WITH CRANIAL NERVE INVOLVEMENT PRECEEDING THE DIAGNOSIS OF A HIGH GRADE LYMPHOMA,"Aquilina, N.; Vella, M.; Debono, A. G.; Camilleri, D. J.",5087_Euro J of Neurology - 2011 - - Poster Session 2 Monday 12 September.pdf,data\extraction_json\text\5087.json,277,1,2245,246,0,"Proceedings detected, but the best abstract block match is below the auto-trim confidence threshold.",25,"The duration from first stroke to death was 4.5 year (SD 4.5) and 28 patients (57.14%) had one or more stroke history and 4 of them (8.2%) had intracerebral haemorrhage and sub-arachnoidal haemorrhage. They had several concomitant diseases such as hypertension (n=30), diabetes",0.0356,0.0000,0.0267,37,165,,
5270,5270,"STIFF PERSON SYNDROME, ABOUT A CASE","Chahrazed, R.",5270_Muscle and Nerve - 2019 - - 2019 AANEM Annual Meeting Abstract Guide Austin TX October 16 19 2019.pdf,data\extraction_json\text\5270.json,144,0,2108,245,1,"Proceedings detected, but the best abstract block match is below the auto-trim confidence threshold.",10,"This problem progressed and by age 25 she was wheelchair dependent. She is adopted and her family history is unknown. Motor milestones had been mildly delayed, and she attended Special Education schooling. Her examination revealed mild psycho- motor slowing, normal cranial nerves, atrophy of",0.0125,0.0000,0.0094,110,143,,
5280,5280,Autoantibodies in stiff-person syndrome,"Chang, T.; Brown, P.; Vincent, A.",5280_Chang - Autoantibodies in stiff-person syndrome.pdf,data\extraction_json\text\5280.json,170,0,3749,513,1,"Proceedings detected, but the best abstract block match is below the auto-trim confidence threshold.",16,"Overall, the verum and the placebo group significantly (p = 0.042) dif- fered in ICAM-3 expression on CD14 + myelomonocytic cells.",0.2875,0.0000,0.2156,55,149,,
5282,5282,Pathogenicity of autoantibodies in stiff-person syndrome,"Chang, T.; Lang, B.; Brown, P.; Vincent, A.",5282_s00415-008-2001-5.pdf,data\extraction_json\text\5282.json,235,0,3656,525,1,"Proceedings detected, but the best abstract block match is below the auto-trim confidence threshold.",11,5 ± 5. 7 (2–23). There was no significant relation between the total NMS,0.2810,0.0000,0.2107,166,234,,
5381,5381,STIFF-MAN-SYNDROME-80 - A VARIANT ASSOCIATED WITH ABNORMAL VISUAL PROCESSING AND A NEW ANTINEURONAL ANTIBODY,"Darnell, R. B.; Rubin, M.; Victor, J.; Plum, F.",5381_Annals of Neurology - August 1990 - - 115Th annual meeting of the American Neurological Association Abstracts.pdf,data\extraction_json\text\5381.json,67,126,3839,474,2,"Proceedings detected, but the best abstract block match is below the auto-trim confidence threshold.",P246,Limb-Girdle Syndrome and Autonomic Failure Associated with Human T Lymphotrophic Virus Type I Infection,0.4880,0.0000,0.3660,61,62,,
5398,5398,Treatment of stiff person syndrome with chronic plasmapheresis,"De la Casa-Fages, B.; Anaya, F.; Grandas, F.",5398_Movement Disorders - 2011 - - Poster Presentations.pdf,data\extraction_json\text\5398.json,385,1,3675,404,1,"Proceedings detected, but the best abstract block match is below the auto-trim confidence threshold.",45,She presented to our clinic six years later with an exam revealing a,0.3846,0.0000,0.2885,344,384,,
5502,5502,"GLUTAMIC ACID DECARBOXYLASE ANTIBODY: A LINK FOR LOCALISATION RELATED EPILEPSY, STIFF-PERSON SYNDROME AND TYPE I DIABETES MELLITUS? REPORT OF TWO CASES","Barcs, G.; Szucs, A.; Kamondi, A.",5502_Epilepsia - 2012 - - Abstracts.pdf,data\extraction_json\text\5502.json,245,0,3289,527,0,"Proceedings detected, but the best abstract block match is below the auto-trim confidence threshold.",20,One child had a generalized seizure and one child had an absence sei- zure during the camp. Conclusion: All participants were encouraged to reach their full poten- tial in life and to improve their knowledge of epilepsy and associated life- style modifications to ensure good health. Participants enjoyed the,0.0363,0.0000,0.0272,216,244,,
5535,5535,STIFF PERSON SYNDROME IN ASSOCIATION WITH NONPARANEOPLASTIC LIMBIC ENCEPHALITIS,"Franke, K.; Schulz, R.; Hoppe, M.; Korn-Merker, E.; Specht, U.; Ebner, A.",5535_Epilepsia - 2009 - - 8th European Congress on Epileptology Berlin Germany 21 25 September 2008.pdf,data\extraction_json\text\5535.json,261,0,3543,194,0,"Proceedings detected, but the best abstract block match is below the auto-trim confidence threshold.",12,"Mean daily dose was 319 mg (range 100–500 mg/d). At month 6, 8 of the 12 patients (66.6%) were responders and 7 (58.3%) were seizure free. At month 12, 7/10(70%) patients were responders and 6/10(60%) were seizure free. For absences, response was observed in 3/5(60%) at month 6 and 4/5(80%) at month 12; for generalized tonic–clonic seizures in 7/",0.0449,0.0000,0.0337,101,166,,
5537,5537,"CO-EMERGENT TRIAD OF EPILEPSY, MYASTHENIA GRAVIS AND STIFF-PERSON SYNDROME","Frawley, B. K.; Ritaccio, A.; Gruenthal, M.; Lava, N.; Murnane, M.; Lynch, T. M.",5537_Epilepsia - 2008 - - Saturday December 6 2008 Poster Session 1 1 00 p m ‐6 00 p m Clinical Neurophysiology.pdf,data\extraction_json\text\5537.json,498,0,3125,384,1,"Proceedings detected, but the best abstract block match is below the auto-trim confidence threshold.",301,"The starting dose was 800 mg once-daily, for 4 weeks. Thereafter, the Epilepsia, 49(suppl. 7):1–498, 2008 doi: 10.1111/j.1528-1167.2008.01871.x",0.2512,0.0000,0.1884,434,497,,
5552,5552,"Stiff-person syndrome associated with invasive thymoma, pemphigus and myasthenia gravis: a case report","Gao, X.; Zheng, X.; Li, H.",5552_Euro J of Neurology - 2012 - - Poster Session 1 Sunday 9 September (1).pdf,data\extraction_json\text\5552.json,368,0,2373,335,0,"Proceedings detected, but the best abstract block match is below the auto-trim confidence threshold.",67,"Patient 2 started complaining of cramps and fasciculations in the lower limbs at age 77, and was diagnosed with classic ALS. Six months later he developed",0.2698,0.3333,0.2857,182,239,,
5554,5554,Rituximab in stiff person syndrome,"Garcia-Ruiz, P. J.; del Val, J.; Herranz, A.; Bellido, S.; Aranda, M. A.",5554_Movement Disorders - 2012 - - Poster Presentations.pdf,data\extraction_json\text\5554.json,523,0,3674,448,1,"Proceedings detected, but the best abstract block match is below the auto-trim confidence threshold.",17,"A cerebral tomodensitometry was made when she was 18 show- ing only a cerebellar atrophy. At the age of 26, she had developed",0.1795,0.0000,0.1346,185,245,,
5631,5631,Severe worsening of the stiff person syndrome due to acute gastroenteritis,"Kramberger, M. G.; Avbersek, A.; Fabjan, T. H.",5631_Euro J of Neurology - 2009 - - Poster Session 2 Monday 14 September.pdf,data\extraction_json\text\5631.json,290,0,2354,318,0,"Proceedings detected, but the best abstract block match is below the auto-trim confidence threshold.",11,"Department of Neurology, St. Anne’ s University Hospital",0.2992,0.0000,0.2244,99,272,,
5963,5963,"UNUSUAL ELECTROMYOGRAPHIC FINDINGS IN A PATIENT WITH PRESUMPTIVE HASHIMOTO'S THYROIDITIS, STIFF-PERSON SYNDROME, AND HERPES ZOSTER MYELORADICULITIS","Ha, J.; Gorin, F.; Zhang, L.; Oskarsson, B.; Maselli, R.",5963_Muscle and Nerve - 2015 - - American Association of Neuromuscular Electrodiagnostic Medicine Annual Meeting Abstracts.pdf,data\extraction_json\text\5963.json,132,1,2533,167,1,"Proceedings detected, but the best abstract block match is below the auto-trim confidence threshold.",42,"Burning paresthesias and numbness were described by 128 patients, of which 61 were length-dependent. Isolated dysautonomia characterized by gastrointestinal dysfunction was seen in 3 patients. Symptomatic improvement with treatment was seen in 51/67 patients who received IVIg,",0.0406,0.2000,0.0804,28,131,,
5970,5970,DON'T CALL THE PSYCHIATRIST JUST YET; A CASE REPORT OF STIFF-PERSON SYNDROME,"Hallak, A.; Hazam, R.; Amin, M. K.; Alhbshi, K.; Islam, S.; Saadaldin, M.",5970_s11606-020-05890-3.pdf,data\extraction_json\text\5970.json,779,0,3132,538,1,"Proceedings detected, but the best abstract block match is below the auto-trim confidence threshold.",97,ECG noted an anterior lateral STEMI. Troponin was 7.3 ng/dL and,0.2774,0.0000,0.2080,568,587,,
6000,6000,Distinct immune reactivity to GAD-65 in stiff man syndrome and type I diabetes,"Hawa, M. I.; Lohmann, T.; Leslie, R. D. G.; Londei, M.",6000_BF03192011.pdf,data\extraction_json\text\6000.json,353,2,3732,468,1,"Proceedings detected, but the best abstract block match is below the auto-trim confidence threshold.",65,"The high risk DR3IDR4genotypewas presentin 38%of patientswith onsetat 25-34yearsvs. 14%in those with onsetat 55-65years.. The nonDR3/nonDR4genotypeincreasedin frequencyas age at diagnosis increased,from 14%to 34% (x'trend test: p=0.006). The frequencyof the VNTRclass III alleles(B genotypes)for protectionagainstType 1 diabetes",0.0696,0.0000,0.0522,103,270,,
6021,6021,Paraneoplastic stiff-person syndrome and anti-Ri antibodies in metastatic breast cancer,"Hoffmann, L. A.; Ditsch, N.; Kuempfel, T.; Dudel, C.; Wick, M.; Voltz, R.",6021_s00415-007-3001-6 (1).pdf,data\extraction_json\text\6021.json,212,0,3656,556,1,"Proceedings detected, but the best abstract block match is below the auto-trim confidence threshold.",10,"Limbic encephalitis: n = 1 (0.9 %). Age of onset: 52.0 Conclusion: The above data, suggest that AD and FTD have approximately the same frequency in demented patients aged < 65 years, accounting for a ~60 % of all cases. In a significant proportion of patients (13.9 %), dementia was due to secondary-potentially reversible causes. CJD was a non-negligi-",0.0096,0.0000,0.0072,42,77,,
6068,6068,"Glycine receptor antibodies in progressive encephalomyelitis with rigidity and myclonus, hyperekplexia, stiff person syndrome and other neurological conditions","Isabel, L. M.; Patrick, W.; Cord-Michael, B.; Christian, J.; Benjamin, M.; Hans-Michael, M.; Angela, V.",6068_Isabel - 1-s2.0-S0165572810003450-main.pdf,data\extraction_json\text\6068.json,219,1,3352,482,0,"Proceedings detected, but the best abstract block match is below the auto-trim confidence threshold.",D12,"The presence of such long spinal cord lesion is atypical for MS and it is suggestive of Devic Disease in spite of negative CSF Aquaporin 4 antibodies.This case highlights the challenges in diagnosing demyelintating diseases, which has important implication regarding patient prognosis and therapy.",0.0973,0.0000,0.0730,37,59,,
6089,6089,STIFF-LIMB SYNDROME WITH IDENTIFICATION OF GLUTAMIC ACID ANTIDECARBOXYLASE ANTIBODY GAD65: A CASE REPORT,"Jaramillo, N.; Pena, C.",6089_Muscle and Nerve - 2020 - - 2020 Virtual AANEM Annual Meeting Abstract Guide.pdf,data\extraction_json\text\6089.json,133,1,2013,301,1,"Proceedings detected, but the best abstract block match is below the auto-trim confidence threshold.",65,"Her family history was significant for heart disease in maternal grandmother and uncle. She had bulbar, neck flexor, and limb-girdle weakness. Her facial and extraocular muscles were strong. She also had nonischemic dilated cardiomyopathy. Her creatine kinase was 378 U/L, and her needle EMG was myopathic. Extensive myositis panel was",0.0443,0.0000,0.0332,35,132,,
6128,6128,"Rituximab therapy in a patient with recurrent Hashimoto's encephalitis, anti-GAD antibodies and progressive encephalomyelitis with rigidity and myoclonus","Kassar, D.; Damodaram, S.; Chand, P.; Iyadurai, S.",6128_s00415-012-6524-4.pdf,data\extraction_json\text\6128.json,236,0,3217,463,1,"Proceedings detected, but the best abstract block match is below the auto-trim confidence threshold.",BG-12,These results suggest the potential utility of aspirin to help mitigate ﬂushing at the onset of BG-12 therapy. Supported by: Biogen Idec Inc. S106 J Neurol (2012) 259 (Suppl 1):S1–S236 123,0.1742,0.0000,0.1306,105,235,,
6141,6141,Patient with stiff-person syndrome and negative anti-GAD antibodies,"Petelin, Z.; Brinar, V.; Honnorat, J.; Budisic, Z.; Podolski, P.",6141_s00415-007-3001-6.pdf,data\extraction_json\text\6141.json,212,0,3656,556,1,"Proceedings detected, but the best abstract block match is below the auto-trim confidence threshold.",10,"Limbic encephalitis: n = 1 (0.9 %). Age of onset: 52.0 Conclusion: The above data, suggest that AD and FTD have approximately the same frequency in demented patients aged < 65 years, accounting for a ~60 % of all cases. In a significant proportion of patients (13.9 %), dementia was due to secondary-potentially reversible causes. CJD was a non-negligi-",0.0304,0.0000,0.0228,42,77,,
6204,6204,Stiff Main syndrome good outcome after methylprednisolone pulse,"Rafai, M. A.; Oumari, S.; Boulaajaj, F. Z.; El Moutawakkil, B.; Slassi, I.",6204_Movement Disorders - 2009 - - Abstracts of The Movement Disorder Society s Thirteenth International Congress of Parkinson.pdf,data\extraction_json\text\6204.json,653,2,3380,497,0,"Proceedings detected, but the best abstract block match is below the auto-trim confidence threshold.",30,Believing things are happening to you that other people say are not true ... ... ... ... ... ... ... ... ... ... . Yes 12%,0.3662,0.0000,0.2746,381,457,,
6219,6219,Visual-induced startle reactions in a patient with stiff limb syndrome,"Schestatsky, P.; Pizzol, A. D.; Cabral, L.; Schuh, A. S.; Roriz-Cruz, M.; Batistela, F.; Monte, T. L.; Bianchin, M. M.; Rieder, C. R. M.",6219_Movement Disorders - 2010 - - Abstracts of the Fourteenth International Congress of Parkinson s Disease and Movement.pdf,data\extraction_json\text\6219.json,385,0,3359,578,0,"Proceedings detected, but the best abstract block match is below the auto-trim confidence threshold.",10,Have you or others noted that you don’t swing one arm when walking?,0.2815,0.0000,0.2111,168,168,,
6271,6271,Dementia in elderly male with Stiff man syndrome,"Sheyner, I.; Cutillar, M.",6271_J American Geriatrics Society - 2007 - - PAPER ABSTRACTS.pdf,data\extraction_json\text\6271.json,218,2,3520,523,0,"Proceedings detected, but the best abstract block match is below the auto-trim confidence threshold.",11,"York University, Toronto, ON, Canada.",0.2222,0.0000,0.1667,0,24,,
6278,6278,Unusual Presentation of Paraneoplastic Stiff-Person Syndrome with Underlying Breast Cancer,"Shrestha, A.; Mihalova, T.; Burns, D.; Jennens, H.; Etti, R.",6278_Annals of Neurology - 2012 - - 2012 Annual Meeting Sunday October 7 2012 Poster Session Abstracts.pdf,data\extraction_json\text\6278.json,120,148,3822,508,2,"Proceedings detected, but the best abstract block match is below the auto-trim confidence threshold.",S304,Use of Rituximab in a Case of Paraneoplastic Sensorimotor Neuropathy with Positive ANNA-1 Antibodies,0.4632,0.0000,0.3474,17,17,,
6321,6321,Stiff person syndrome,"Sommer, C.",6321_s00702-007-0754-0.pdf,data\extraction_json\text\6321.json,99,0,3287,275,0,No abstract block could be segmented from the proceedings text.,,,,,,,,,
6442,6442,Absence of cutaneous silent period changes in a patient with stiff person syndrome,"Mekideche, A.; Kuzmanovic, I.; Sottas, C.; Truffert, A.",6442_Mekideche - Absence cutaneous silent period changes.pdf,data\extraction_json\text\6442.json,295,0,3207,457,1,"Proceedings detected, but the best abstract block match is below the auto-trim confidence threshold.",36,"Torticollis was also noted at the examination. S83 123 Conclusion: Although it is well known that mutations in DYT6 locus should be considered in patients with craniocervical dystonia,",0.2966,0.0000,0.2224,82,294,,
6474,6474,Plasmapheresis in treatment of stiff-man syndrome with a negative anti-GAD antibody,"Svatova, J.; Machova, H.; Pitha, J.",6474_Movement Disorders - 2002 - - Poster session 5 Nonmotor aspects of movement disorders clinical Parkinsonism.pdf,data\extraction_json\text\6474.json,46,1,3799,449,0,"Proceedings detected, but the best abstract block match is below the auto-trim confidence threshold.",65,"It is distinguished by a reliable initial symptomatic response to drug therapy but motor and non-motor complications appear in long term treatment, representing the main challenge in the management of the",0.0801,0.0000,0.0601,6,45,,
6553,6553,Glycine receptor antibody-positive progressive encephalomyelitis with rigidity and myoclonus: A disease with variable clinical course,"Vanacker, P.; Peeters, E.; Schrooten, M.; Woodhall, M.; Vincent, A.; Vandenberghe, W.",6553_Movement Disorders - 2012 - - Poster Presentations.pdf,data\extraction_json\text\6553.json,523,0,3674,448,1,"Proceedings detected, but the best abstract block match is below the auto-trim confidence threshold.",17,"A cerebral tomodensitometry was made when she was 18 show- ing only a cerebellar atrophy. At the age of 26, she had developed",0.1890,0.0000,0.1417,185,245,,
6639,6639,Severe refractory stiff-person syndrome responding to rituximab therapy,"Whetton, E.; Ealing, J.; Bruce, I.; McKee, D.",6639_s00415-008-2001-5.pdf,data\extraction_json\text\6639.json,235,0,3656,525,1,"Proceedings detected, but the best abstract block match is below the auto-trim confidence threshold.",11,5 ± 5. 7 (2–23). There was no significant relation between the total NMS,0.1324,0.0000,0.0993,166,234,,
6726,6726,Parkinsonism related to progressive encephalomyelitis with rigidity and myoclonus,"Rodier, G.; Boulay, C.; Anheim, M.; Courtois, S.; Tranchant, C.",6726_Movement Disorders - 2006 - - Poster Session 3.pdf,data\extraction_json\text\6726.json,97,0,3728,485,0,No abstract block could be segmented from the proceedings text.,,,,,,,,,
6756,6756,NEUROLEPTIC MALIGNANT SYNDROME IN STIFF PERSON SYNDROME,"Sachdev, A.; Moussa, S.",6756_Muscle and Nerve - 2016 - - American Association of Neuromuscular Electrodiagnostic Medicine Annual Meeting Abstracts .pdf,data\extraction_json\text\6756.json,129,1,2429,220,2,"Proceedings detected, but the best abstract block match is below the auto-trim confidence threshold.",29,"She had clinical and electrophysiological myotonia, and an episode of cold-induced paralysis requiring intubation. Exercise and cold provocation produced a significant drop in compound muscle action potential (CMAP) amplitudes. She now presented with a 1-year",0.0194,0.0000,0.0146,28,128,,
6809,6809,Stiff person syndrome associated with Graves' disease and thymoma,"Yoon, S. S.; Hwang, K. J.; Woo, J. T.; Cho, S. S.",6809_Euro J of Neurology - 2012 - - Poster Session 1 Sunday 9 September.pdf,data\extraction_json\text\6809.json,368,0,2373,335,0,"Proceedings detected, but the best abstract block match is below the auto-trim confidence threshold.",67,"Patient 2 started complaining of cramps and fasciculations in the lower limbs at age 77, and was diagnosed with classic ALS. Six months later he developed",0.2685,0.2500,0.2639,182,239,,
6899,6899,An unusual brainstem encephalitis associated with anti-glycine receptor antibodies: Clinicopathological description,Lux D.; Kumar G.; Webb T.; Bodi I.; Moran N.,6899_Lux D. et al. - 2017 - An unusual brainstem encephalitis associated with .pdf,data\extraction_json\text\6899.json,321,0,1919,188,0,"Proceedings detected, but the best abstract block match is below the auto-trim confidence threshold.",48,"CD4+ and CD8+ T cells were also markedly reduced in numbers, but to a lesser degree than CD19+ B cells (at most",0.1273,0.0000,0.0955,290,320,,
7503,7503,Stiff-person spectrum disorders in Russia: A retrospective analysis of 20 cases,Seliverstov Y.U.; Ginzberg M.; Melnik E.; Fominykh V.; Skalnaya A.; Brylev L.,7503_mds.28268.pdf,data\extraction_json\text\7503.json,702,3,3131,513,0,"Proceedings detected, but the best abstract block match is below the auto-trim confidence threshold.",48,"Patient-rated FULL “ON” was observed in 74%, 89%, and 84% of",0.3511,0.0000,0.2634,394,572,,
7804,7804,A case of gad-generalized anxiety disorder or something more?,Pedowitz E.; Shin S.,7804_Muscle and Nerve - 2020 - - 2020 Virtual AANEM Annual Meeting Abstract Guide.pdf,data\extraction_json\text\7804.json,133,1,2013,301,1,"Proceedings detected, but the best abstract block match is below the auto-trim confidence threshold.",65,"Her family history was significant for heart disease in maternal grandmother and uncle. She had bulbar, neck flexor, and limb-girdle weakness. Her facial and extraocular muscles were strong. She also had nonischemic dilated cardiomyopathy. Her creatine kinase was 378 U/L, and her needle EMG was myopathic. Extensive myositis panel was",0.0052,0.0000,0.0039,35,132,,
7916,7916,Paraneoplastic stiff person syndrome mimicking tetanus: A case series report and literature review,Madhani J.; Chapman K.; Cresswell S.; Gibson G.,7916_Madhani - Paraneoplastic tetanus.pdf,data\extraction_json\text\7916.json,64,0,3082,99,1,No abstract block could be segmented from the proceedings text.,,,,,,,,,
7992,7992,A case of hyperekplexia with positive antiglycine receptor antibodies: PERM syndrome,Contessa G.; De Mercanti S.; Sciolla R.; Iudicello M.; Clerico M.; Ferrero B.; Coletti Moja M.; Delfico L.; Franchino F.; Viglietta E.; Vincent A.; Durelli L.,7992_Contessa G. et al. - 2010 - A case of hyperekplexia with positive antiglycine .pdf,data\extraction_json\text\7992.json,246,0,3214,439,1,"Proceedings detected, but the best abstract block match is below the auto-trim confidence threshold.",15,There was a decrease of 5 or more points in the score of the NIHSS in the ﬁrst 24 hours for 43.6% of the patients. According to the modiﬁed Rankin scale (Rm) after 90 days of the event 39.7% had,0.2555,0.0000,0.1916,195,245,,
8089,8089,Seizure in patients with anti-gad antibodies,Dave H.; Nei M.; Rakocevic G.; Mintzer S.; Sperling M.,8089_Epilepsia - 2011 - - Poster Sessions.pdf,data\extraction_json\text\8089.json,241,0,3383,498,1,"Proceedings detected, but the best abstract block match is below the auto-trim confidence threshold.",17,"Fourteen patients presented cortical dysplasia, seven encephalitis",0.3303,0.0000,0.2477,221,240,,
8198,8198,Anti-glycine receptor antibody causing relapsing encephalitis with rigidity and myoclonus,Williams J.; O'Connell K.; O'Riordan S.; McGuigan C.; Connolly S.; Vincent A.; Hutchinson M.,8198_Movement Disorders - 2012 - - Poster Presentations.pdf,data\extraction_json\text\8198.json,523,0,3674,448,1,"Proceedings detected, but the best abstract block match is below the auto-trim confidence threshold.",17,"A cerebral tomodensitometry was made when she was 18 show- ing only a cerebellar atrophy. At the age of 26, she had developed",0.2085,0.0000,0.1564,185,245,,
8225,8225,Clinical and immunological features with glycine receptor antibodies,Vincent A.; Leite M.I.; Carvajal A.; Waters P.; Woodhall M.,8225_Vincent A. et al. - 2012 - Clinical and immunological features with glycine r.pdf,data\extraction_json\text\8225.json,120,148,3822,508,2,"Proceedings detected, but the best abstract block match is below the auto-trim confidence threshold.",S137,Clinical and Radiologic Significance of Dilated Perivascular Spaces in Patients with Cognitive Impairment,0.4855,0.0000,0.3642,8,9,,
8296,8296,Intrathecal baclofen pump implantation in 2 cases of stiff-person syndrome,Bikmullin V.; Tolstyh A.; Rudenko V.,8296_Bikmullin V. et al. - 2013 - Intrathecal baclofen pump implantation in 2 cases .pdf,data\extraction_json\text\8296.json,58,0,1856,301,0,No abstract block could be segmented from the proceedings text.,,,,,,,,,
8303,8303,Role of maintenance plasma exchange in stiff person syndrome-a case report,Morelli Z.M.; Dalton L.; Matevosyan K.; Sarode R.; Strunk M.,8303_Morelli - PLEX.pdf,data\extraction_json\text\8303.json,55,1,3178,418,1,"Proceedings detected, but the best abstract block match is below the auto-trim confidence threshold.",AC26,"There was not a significant difference in the average: (AC13/AC26) blood volume (4628/ 4801 mL), HCT (33%/32%) or BP (5351/ 5905 mL). Frequencies of procedure times < 60 min were AC13 (35%) and AC26 (75%). Other average results are in the table.The average platelets in the waste bag of AC26",0.0293,0.0000,0.0220,8,49,,
8322,8322,Paraneoplastic stiff-person syndrome due to cholangiocarcinoma: The first case report,Spoto S.; Campanale E.R.; Curcio B.; Grasso G.; Cortigiani M.; Fazzina S.; Cavalieri D.; Valeriani E.; Manfredonia L.; Fogolari M.; Gianno A.; Capone F.; Morolla D.; Porcari A.; Costantino S.,"8322_pgranata,+185-612-2-PB-4.pdf",data\extraction_json\text\8322.json,185,0,1566,760,0,"Proceedings detected, but the best abstract block match is below the auto-trim confidence threshold.",336,age: 48-93 ys). In 92% of these patients albumin was decreased,0.2394,0.0000,0.1796,96,132,,
8339,8339,Stiff person syndrome with graves' disease: A rare association,Syed S.J.; Mahmoud K.H.; Chuquilin M.; Garcia-Touza M.,8339_edrv0001.pdf,data\extraction_json\text\8339.json,1655,0,1280,558,1,"Proceedings detected, but the best abstract block match is below the auto-trim confidence threshold.",80,"Preoperative USG found thyroid structural abnormalities in 61 of these patients. Benign appearing lesions,",0.3171,0.0000,0.2378,146,457,,
